knowledge_base_overview.md	file-AHALZQbN7JxGwgZktwaN8F	1754151372
knowledge_base_overview.md	file-CmREFskW7K1c8kCd24wkcG	1754151630
knowledge_base_overview.md	file-KhcMBA97kCMJvjjTrGMQEr	1754151408
knowledge_base_overview.md	file-WjNbMZSZgAAyp3XK118z2D	1754151589
profile_abujomaagaza.json	file-7mKnRRjTXnJSPytkvXWWi9	1754151583
profile_abujomaagaza.json	file-9YPszK1Yp12vbyLbpKoao3	1754169998
profile_abujomaagaza.json	file-N7sqKYo35TEPp6yQ1Ww9GR	1754151403
profile_abujomaagaza.json	file-P95RzeLkK9JUmy9ibC2FrR	1754151367
profile_abujomaagaza.json	file-RoA4RFwMjRG6ZCmN7XrhAz	1754151623
profile_ilhanmn.json	file-1BmR2SYfN17W71aAsL5ZEz	1754151404
profile_ilhanmn.json	file-2RbkMorYksDLe9crmVfyhc	1754151584
profile_ilhanmn.json	file-9mGGSzoPTWEkjoxcCh4eNH	1754170000
profile_ilhanmn.json	file-LhjMafhg7Z4YkN4ia8W1iJ	1754151368
profile_ilhanmn.json	file-WWLGYUptZQu8gSEbtMZdpN	1754151624
profile_jacksonhinklle.json	file-147sGuKEVzjSxTxUPWseYC	1754170002
profile_jacksonhinklle.json	file-1y3T4xouafJYAXQ4qLHHmJ	1754151585
profile_jacksonhinklle.json	file-DyGrkxyFfQLGat9RcoHw4J	1754151625
profile_jacksonhinklle.json	file-JAUiKDkFmPKafhQEAkySL7	1754151369
profile_jacksonhinklle.json	file-KXU3pvEBRR6YJA9LWwzhSh	1754151405
profile_khamenei.json	file-27H8Twe3mLCxE4aUs2Newi	1754151406
profile_khamenei.json	file-F1TuR5CPFcZt1EPd6ehQv2	1754151586
profile_khamenei.json	file-MnLR3RTC1MiSFiBaZMHjsT	1754151626
profile_khamenei.json	file-Rw3cmkytMingqFHXkd5xAt	1754151369
profile_khamenei.json	file-Wm3dVDCS6XUXwx6YoG5Mhn	1754170002
profile_maxblumenthal.json	file-7SaBEQQc541jNTDvYyxzT8	1754151406
profile_maxblumenthal.json	file-7WM7EDMEY8v8kudow1aD2e	1754170003
profile_maxblumenthal.json	file-CNXrDDzsuu89Hv1L7eToYH	1754151627
profile_maxblumenthal.json	file-N5hYgr8p65BkBskxBJARvp	1754151370
profile_maxblumenthal.json	file-TynebbEEe4efoCtJxoDkbp	1754151587
profile_rashidatlaib.json	file-5wuSHqKvvbXMJ4n2RbvWd4	1754151371
profile_rashidatlaib.json	file-FEnXrprHRrhexUy9wpWhsA	1754151407
profile_rashidatlaib.json	file-LvfaHkzRBb9N1Ea6xKNmSi	1754151628
profile_rashidatlaib.json	file-PXLPD91LYN59Uwy6kdf9sa	1754151588
profile_rashidatlaib.json	file-SeLQgPXwxgaMz7yAD7tQ2E	1754170003
profile_suppressednws.json	file-39KCrqbTFS9qhLPAryeBe5	1754151629
profile_suppressednws.json	file-DYNcV9hMpgzwGkSsffa4hy	1754151372
profile_suppressednws.json	file-E9cR3H9pTUTiH23JnoA1ib	1754151588
profile_suppressednws.json	file-SvUrV2tzhGRhvCacjvWYGh	1754151407
profile_suppressednws.json	file-UEGc2UHwBrbLZgzGHTpjsK	1754170004
